trade_id,stock_ex_id,stock_id,transaction_time,shares,price_total,buyer_id,seller_id,buy_broker_id,sell_broker_id
0,3,1,58470.47689886059,1000,619500,19,20,12,5
1,3,3,58470.68716734698,9500,116190,18,22,8,1
2,3,1,58470.52591052349,200,119836,18,19,1,12
3,3,3,58470.602667372164,84000,1067220,15,22,8,14
4,3,1,58470.33975077449,16800,2196768,18,20,12,15
5,1,2,58470.30844147318,2300,463680,15,22,3,10
6,6,7,58470.544253635555,45600,19630800,11,25,13,15
7,6,7,58470.50852564979,8500,3721725,12,25,14,11
8,2,6,58470.54767924711,1500,63000,13,25,11,13
9,2,6,58470.34386949752,24000,1013292,14,25,6,7
10,1,2,58470.3145640135,72000,10620750,7,22,10,3
11,6,7,58470.5937293324,45600,20253240,9,25,14,13
12,6,7,58470.54129307671,8500,3880143.75,9,12,15,14
13,2,6,58470.32348408605,1500,60637.5,13,25,2,11
14,2,6,58470.42954690678,25000,1028737.5,10,25,6,13
15,1,2,58470.25805471725,24000,5105520,17,22,9,1
16,3,1,58470.46347277101,25000,43399125,17,20,1,5
17,1,2,58470.44265804504,400,90426,16,22,9,1
18,3,1,58470.598990315346,400,281463,16,20,1,12
19,3,1,58470.384823020046,100,57860.25,19,20,5,15
20,3,4,58470.581811077216,50300,4178722.8,15,24,14,13
21,3,1,58470.44956867956,1200,697649.4,16,18,1,5
22,3,1,58470.27280463868,10300,5966851.8,19,20,8,1
23,2,5,58470.5561806228,4000,722383.2,9,23,2,6
24,2,6,58470.68629295295,100,4138.05,12,25,1,11
25,3,1,58470.659536361665,3000,1630251,12,16,5,8
26,3,3,58470.7326233028,5000,43627.5,7,22,12,14
27,6,7,58470.40836873077,800,320796,19,25,13,14
28,3,1,58470.717707942,4400,2275257.6,16,20,12,8
29,3,3,58470.484973473525,4200,34177.5,8,22,1,5
30,3,1,58470.73963397669,20000,10254090,15,20,15,1
31,1,2,58470.31856164058,2300,531300,11,22,10,9
32,6,7,58470.71982995341,45600,18625320,15,25,13,15
33,6,7,58470.29150507383,8500,3377220,10,25,13,14
34,2,6,58470.744576486184,1500,59692.5,7,25,1,2
35,2,6,58470.57738035257,25000,966262.5,19,25,2,6
36,1,2,58470.348215655846,25000,5026875,15,7,10,3
37,3,1,58470.558875492745,31800,364040550,10,20,1,5
38,1,2,58470.31142381947,400,79044,19,22,12,10
39,3,1,58470.3969793063,500,236439,14,20,8,5
40,3,1,58470.567734357675,10200,4745065.5,9,20,8,12
41,4,4,58470.269240689806,5300,334246336.92,19,24,14,12
42,3,1,58470.51132499681,1300,596969.1,11,20,5,12
43,3,1,58470.49137135902,1000,451762.5,10,20,12,5
44,2,5,58470.37399077454,1000,158445,4,9,6,7
45,6,7,58470.28302037652,100,38587.5,17,25,13,14
46,3,1,58470.2607011284,3000,1249384.5,15,20,5,1
47,3,3,58470.38988408476,5000,25987.5,16,22,1,14
48,6,7,58470.40887566102,900,329994,17,25,15,14
49,3,1,58470.62945994489,100,49283.85,18,15,5,12
50,3,3,58470.732889927254,4200,27121.5,19,22,1,8
51,3,4,58470.25077712612,32011,2659345.8360000015,12,25,6,6
52,3,4,58470.274019717865,30510,2534648.760000001,12,12,3,3
53,3,1,58470.46206553002,2906,1800266.9999999998,8,16,9,8
54,6,7,58470.72685777281,25157,1.0830088499999989E7,6,14,5,15
55,3,4,58470.638117529925,20484,1701728.784000001,4,21,2,12
56,2,6,58470.42375299272,3085,129570.00000000009,8,19,9,14
57,6,7,58470.56641980669,22339,9616939.49999999,16,12,1,14
58,3,3,58470.26311358477,3954,48359.50105263141,8,9,13,15
59,1,2,58470.49896633423,565,113903.99999999983,10,15,8,15
60,2,5,58470.65559959023,35855,6475262.409,13,9,14,4
61,3,4,58470.47812081923,12163,1010453.3880000005,6,24,3,7
62,3,1,58470.37828662848,18875,1.1693062499999996E7,4,9,7,6
63,4,4,58470.37415217191,7427,4.683863291141202E8,16,12,7,15
64,3,1,58470.51869625612,7827,4848826.499999999,10,20,10,15
65,3,4,58470.392386064996,14561,1209669.6360000006,8,13,9,4
66,3,4,58470.62262117977,17442,1449011.5920000006,6,9,6,15
67,3,3,58470.32100182008,859,10506.02210526312,5,8,3,7
68,4,4,58470.65210475594,717,4.521785350408296E7,19,18,9,8
69,6,7,58470.60532901571,4966,2137862.999999998,16,9,12,4
70,6,7,58470.48237263535,4540,1954469.9999999981,16,7,13,6
71,3,1,58470.29656207252,16053,9944833.499999998,9,23,5,4
72,6,7,58470.44007420703,10665,4591282.499999996,5,12,10,2
73,3,4,58470.257805361834,24679,2050232.604000001,18,8,2,13
74,6,7,58470.571844419545,5310,2285954.999999998,7,20,15,2
75,3,4,58470.43828472201,35224,2926269.0240000016,13,20,2,5
76,1,2,58470.73892432945,44681,9007689.599999987,15,24,15,9
77,3,4,58470.41352392442,40744,3384848.5440000016,13,16,10,13
78,2,5,58470.57552723448,2023,365345.30340000003,5,7,13,2
79,3,4,58470.302390354744,4547,377746.5720000002,19,20,2,5
80,3,1,58470.47205607468,3582,2219048.9999999995,8,8,4,8
81,3,4,58470.40782311247,22789,1893218.964000001,13,10,13,2
82,2,5,58470.55581232285,9056,1635475.5648,13,25,1,7
83,1,2,58470.74016672247,36942,7447507.19999999,10,17,7,1
84,3,3,58470.65843078404,545,6665.636842105239,9,12,4,2
85,3,1,58470.267433190784,5240,3246179.9999999995,14,10,3,2
86,2,6,58470.72221722975,33005,1386210.0000000007,6,24,6,9
87,2,6,58470.7132478487,21410,899220.0000000006,4,10,8,9
88,1,2,58470.41895358742,2076,418521.59999999945,12,11,3,11
89,4,4,58470.386579439255,36169,2.281010520765937E9,14,10,13,6
90,1,2,58470.32154232052,13808,2783692.799999996,16,18,2,15
91,3,1,58470.69226929754,4424,2740667.9999999995,8,14,15,11
92,4,4,58470.56332426213,11388,7.181881669518783E8,9,8,10,1
93,4,4,58470.57410207157,13548,8.544093155834253E8,14,11,1,9
94,4,4,58470.59704812329,44446,2.8030023944804344E9,5,18,15,3
95,1,2,58470.45398579323,42682,8604691.199999988,15,22,11,12
96,4,4,58470.40398019993,31490,1.9859277640775068E9,18,7,3,11
97,2,6,58470.4241727143,16199,680358.0000000003,4,13,15,5
98,3,4,58470.65916281057,10100,839067.6000000004,10,11,7,2
99,6,7,58470.32406332453,10858,4674368.999999995,5,9,8,2
100,2,5,58470.46435570833,47370,8554823.046000002,4,20,3,14
101,3,3,58470.25525105452,19809,242274.49578947283,16,20,2,1
102,3,3,58470.58081268666,3399,41571.55894736827,19,20,6,14
103,3,3,58470.473019420286,30480,372786.4421052618,12,14,12,6
104,3,1,58470.67131301466,6607,4093036.499999999,12,23,10,1
105,4,4,58470.43641840169,36929,2.3289401841733327E9,10,19,4,1
106,1,2,58470.68796962161,33300,6713279.99999999,17,21,11,6
107,3,1,58470.36567519418,20130,1.2470534999999996E7,5,12,13,7
108,3,3,58470.747488828216,994,12157.143157894694,12,7,14,1
109,6,7,58470.51000501122,11595,4991647.499999995,9,12,5,13
110,6,7,58470.26916773536,1079,464509.4999999996,7,8,11,4
111,2,6,58470.5123440225,2378,99876.00000000006,15,25,1,13
112,3,1,58470.748114034555,8985,5566207.499999998,14,25,6,5
113,6,7,58470.49855327281,46416,1.998208799999998E7,9,8,7,1
114,3,1,58470.40299826437,4783,2963068.499999999,16,18,4,9
115,3,1,58470.725975035384,21907,1.3571386499999996E7,11,16,6,14
116,2,5,58470.26596056939,5899,1065334.6242,18,7,1,5
117,3,1,58470.516047272904,19583,1.2131668499999998E7,19,13,1,7
118,4,4,58470.72880195343,54380,3.429493547492373E9,7,23,13,8
119,6,7,58470.62745818604,55839,2.4038689499999978E7,14,21,14,3
120,4,4,58470.58893079615,39298,2.478341990241914E9,4,20,2,13
121,2,5,58470.37680177635,26783,4836897.3114,15,7,10,5
122,3,4,58470.41324513596,24302,2018912.952000001,18,16,11,11
123,4,4,58470.715832346265,28435,1.793263130249092E9,16,25,6,4
124,3,1,58470.561682423766,15794,9784382.999999998,9,18,9,12
125,3,4,58470.6206921521,23459,1948879.884000001,13,21,2,12
126,4,4,58470.38428085302,1427,8.999424958204517E7,17,16,10,5
127,1,2,58470.682274139566,21605,4355567.999999994,15,21,10,7
128,4,4,58470.447887395014,33529,2.1145180057718236E9,13,20,12,6
129,2,5,58470.59618302739,18628,3364138.5624000006,8,22,2,6
130,3,4,58470.40388446998,5185,430749.0600000003,7,19,12,8
131,3,1,58470.261102444805,53271,3.3001384499999993E7,7,15,13,2
132,4,4,58470.74837076981,32979,2.07983206514805E9,12,25,4,14
133,3,3,58470.615146204764,25149,307585.50631578837,14,18,8,14
134,3,3,58470.60308654859,16793,205387.22842105193,11,16,7,6
135,3,4,58470.276726799726,5034,418204.58400000026,19,12,13,13
136,3,1,58470.468694095805,31300,1.9390349999999993E7,4,21,1,9
137,6,7,58470.449985465886,56772,2.4440345999999978E7,19,23,13,5
138,6,7,58470.40411320314,16698,7188488.999999994,15,12,10,14
139,2,6,58470.577948007885,30932,1299144.000000001,8,16,13,8
140,1,2,58470.38370083653,11436,2305497.5999999964,5,23,8,2
141,2,6,58470.34646289703,9652,405384.00000000023,7,11,1,8
142,3,4,58470.71300335519,3324,276144.6240000001,14,20,13,11
143,2,6,58470.43097017981,4029,169218.00000000012,8,14,5,4
144,2,6,58470.57860091674,27424,1151808.0000000007,17,19,3,10
145,6,7,58470.25244926987,14720,6336959.999999994,5,22,9,9
146,3,4,58470.386418894785,6053,502859.0280000002,15,12,3,4
147,3,4,58470.69502606133,3193,265261.6680000001,10,17,11,8
148,2,5,58470.570065282496,9918,1791149.1444,9,25,3,15
149,4,4,58470.645792740776,42387,2.673150845854344E9,17,17,7,10
150,3,3,58470.277506363425,2483,30368.396842105154,8,22,6,11
151,3,3,58470.44381705219,36195,442683.8999999984,13,25,3,15
152,4,4,58470.580756959076,1990,1.2550003971147153E8,7,7,2,1
153,3,3,58470.51549543405,30264,370144.64842105133,12,22,13,12
154,2,6,58470.53209200281,10908,458136.0000000003,18,11,6,2
155,6,7,58470.51764408208,16566,7131662.9999999935,12,24,14,15
156,2,6,58470.514988683964,5290,222180.00000000015,18,10,7,4
157,2,6,58470.57956444707,16949,711858.0000000005,10,15,5,5
158,1,2,58470.4401332704,37725,7605359.999999989,12,18,15,15
159,2,5,58470.25944786735,7617,1375598.2086,19,19,12,4
160,2,6,58470.56496047183,22366,939372.0000000006,7,14,2,10
161,1,2,58470.45860099456,9673,1950076.7999999973,11,24,2,5
162,3,4,58470.639491232774,5185,430749.0600000003,9,19,4,1
163,1,2,58470.6606255239,5232,1054771.1999999986,15,18,3,11
164,2,6,58470.70699036208,47356,1988952.0000000012,19,15,3,9
165,3,3,58470.35291395965,11201,136994.1252631574,7,9,14,13
166,2,6,58470.47332791339,12379,519918.0000000003,11,17,13,7
167,3,4,58470.673315004904,3885,322750.2600000001,13,16,7,3
168,4,4,58470.59979318397,15202,9.587193988411006E8,11,22,9,2
169,6,7,58470.4740772748,26223,1.128900149999999E7,11,20,2,9
170,3,1,58470.62395255501,9923,6147298.499999999,8,17,5,7
171,2,6,58470.66771925168,5194,218148.00000000015,8,11,14,4
172,3,4,58470.30591114852,15994,1328717.5440000007,9,19,14,3
173,6,7,58470.55620324982,34097,1.4678758499999987E7,6,16,6,14
174,2,5,58470.60396563414,1159,209310.53220000002,8,19,3,5
175,3,1,58470.374246265026,20019,1.2401770499999996E7,6,9,12,8
176,3,1,58470.60151040534,8691,5384074.499999999,10,19,12,5
177,4,4,58470.74805709852,22704,1.4318356289493718E9,14,13,9,9
178,3,1,58470.26717660661,26525,1.6432237499999998E7,7,20,3,3
179,3,1,58470.72466246795,52059,3.2250550499999993E7,11,23,1,9
180,4,4,58470.3104247794,20278,1.2788390981252363E9,5,15,15,11
181,3,4,58470.33384048044,36373,3021723.3480000016,4,12,6,4
182,2,5,58470.65123373295,2941,531132.2478,6,24,15,5
183,3,4,58470.38533370385,27374,2274122.424000001,12,22,3,4
184,2,5,58470.3626563408,7461,1347425.2638,15,13,5,6
185,3,3,58470.6745842741,5768,70545.67578947343,9,14,6,15
186,3,4,58470.41229838605,2609,216745.2840000001,16,19,5,9
187,2,5,58470.47836603264,10607,1915579.6506,9,7,1,10
188,3,1,58470.26489322229,13128,8132795.999999998,5,18,6,5
189,3,4,58470.593516232104,5642,468714.79200000025,9,19,12,14
190,2,5,58470.71139398502,41417,7479736.2486000005,14,25,9,11
191,4,4,58470.39335729986,1358,8.56427406674263E7,4,17,13,10
192,3,4,58470.65022612548,13317,1106323.0920000006,4,12,5,11
193,6,7,58470.38083966594,8288,3567983.9999999967,13,16,3,7
194,1,2,58470.516606929916,25828,5206924.799999992,18,18,2,8
195,2,5,58470.42982589913,17993,3249460.2294000005,17,23,14,9
196,3,1,58470.3266116421,18643,1.1549338499999998E7,14,18,4,14
197,1,2,58470.389250907116,16670,3360671.999999995,14,14,15,8
198,3,1,58470.46202173409,12975,8038012.499999999,12,20,4,12
199,4,4,58470.4146852274,900,5.6758811929811254E7,8,25,7,5
200,6,7,58470.4113173703,9343,4022161.4999999963,13,23,1,7
201,2,5,58470.419948271454,46248,8352194.5584,4,13,15,10
202,3,1,58470.62648931624,28092,1.7402993999999996E7,19,7,11,3
203,3,1,58470.38438710988,9777,6056851.499999999,8,15,9,8
204,1,2,58470.41765601297,8580,1729727.9999999974,11,9,14,3
205,1,2,58470.44157504541,28112,5667379.199999992,10,15,11,10
206,2,5,58470.645273146525,5546,1001584.3068,16,15,15,12
207,2,6,58470.72699485458,8324,349608.00000000023,6,12,7,1
208,6,7,58470.6206035919,34165,1.4708032499999985E7,7,9,12,7
209,2,5,58470.64551247575,26437,4774411.1646,5,14,2,9
210,3,3,58470.56712395407,12874,157455.79578947314,19,17,12,15
211,3,3,58470.26980005262,16579,202769.89578947297,11,20,12,3
212,3,1,58470.30049465697,12785,7920307.499999999,16,24,11,8
213,1,2,58470.6394765904,12221,2463753.5999999964,8,19,3,14
214,4,4,58470.746148891405,21507,1.3563464090827227E9,17,16,10,10
215,4,4,58470.36677217831,21338,1.345688365509236E9,8,23,3,5
216,3,4,58470.26550984701,14394,1195795.9440000006,11,16,10,14
217,1,2,58470.4543950926,14763,2976220.7999999956,10,12,7,14
218,6,7,58470.43176428431,19201,8266030.499999993,7,9,2,8
219,6,7,58470.45716700118,6370,2742284.9999999977,18,18,9,2
220,2,6,58470.275424481,30656,1287552.000000001,15,24,14,7
221,2,6,58470.40696691628,1764,74088.00000000004,10,8,5,2
222,3,1,58470.4272607528,3081,1908679.4999999995,9,19,9,12
223,4,4,58470.66487997334,14347,9.0479852750778E8,14,11,4,13
224,3,1,58470.65926196375,21897,1.3565191499999996E7,12,14,5,5
225,2,5,58470.265076823925,44613,8056920.4254,17,14,11,1
226,2,6,58470.408911528,15954,670068.0000000003,14,16,3,9
227,2,5,58470.44057608968,7716,1393477.1928,13,12,3,3
228,3,3,58470.397332426575,4279,52334.42210526297,14,24,15,9
229,3,3,58470.40616225485,333,4072.76526315788,4,19,8,7
230,3,4,58470.48389895373,11290,937928.0400000006,13,19,3,1
231,1,2,58470.62879394875,32502,6552403.199999991,4,19,1,4
232,2,6,58470.41038737619,34455,1447110.0000000007,13,16,12,1
233,1,2,58470.27154157561,34250,6904799.99999999,11,15,10,11
234,6,7,58470.41629567413,18059,7774399.499999993,13,15,6,15
235,3,1,58470.65330925458,16212,1.0043333999999998E7,17,17,3,1
236,2,5,58470.25552381308,15123,2731150.2834000005,11,16,4,9
237,2,5,58470.69415503854,55424,1.00093416192E7,14,23,14,1
238,6,7,58470.72091320261,1923,827851.4999999993,14,21,6,2
239,2,5,58470.59087583146,3958,714798.1764,6,18,5,11
240,1,2,58470.743277881935,19666,3964665.5999999945,6,10,13,15
241,1,2,58470.25830548717,15992,3223987.199999995,5,8,1,14
242,2,5,58470.737673422555,12452,2248778.9016,11,17,3,14
243,3,1,58470.50577687505,7452,4616513.999999999,8,23,9,8
244,3,4,58470.49144392232,16385,1361200.2600000007,7,14,6,3
245,6,7,58470.504558633605,3581,1541620.4999999986,17,11,9,5
246,4,4,58470.58810616096,35423,2.233963772210782E9,18,14,1,6
247,4,4,58470.362348526876,4598,2.899744636147468E8,17,11,10,9
248,3,3,58470.62360398922,11331,138584.09368421003,8,10,14,14
249,2,5,58470.347325341514,42881,7744128.499800001,18,19,6,10
250,3,3,58470.47875419402,25915,316954.0894736831,5,14,5,10
251,3,3,58470.740547401765,35167,430110.9189473669,19,20,8,14
252,6,7,58470.70724277214,30283,1.3036831499999989E7,12,15,6,8
253,2,5,58470.47891680981,11135,2010934.2330000002,18,24,6,10
254,4,4,58470.397959616894,22534,1.4211145200292962E9,19,16,12,2
255,1,2,58470.50283928395,13812,2784499.199999996,7,24,4,4
256,3,3,58470.74750688834,10276,125680.88842105218,18,16,10,4
257,2,5,58470.55765706297,36579,6606013.7682,16,24,10,2
258,3,4,58470.55710252375,50104,4162439.904000002,14,25,2,1
259,1,2,58470.40353808041,17543,3536668.799999995,19,11,5,15
260,2,6,58470.4349408589,29681,1246602.0000000007,17,14,5,7
261,6,7,58470.50937980928,21722,9351320.99999999,4,13,3,7
262,4,4,58470.62259782289,12273,7.740009986828594E8,4,15,15,2
263,2,6,58470.662990785335,16821,706482.0000000005,16,20,5,14
264,3,4,58470.56709212277,7133,592581.1080000002,16,18,7,12
265,3,4,58470.475583922016,26635,2212729.260000001,13,16,8,8
266,3,1,58470.47825515173,15160,9391619.999999998,13,9,5,12
267,4,4,58470.74419640371,40181,2.5340286912797174E9,13,20,9,13
268,3,4,58470.65735294719,34453,2862217.4280000017,4,18,7,13
269,4,4,58470.55219595802,8401,5.2981197669149363E8,6,17,10,8
270,3,4,58470.50614843781,14586,1211746.5360000008,16,14,2,14
271,6,7,58470.26947707984,13600,5854799.999999995,15,14,5,5
272,6,7,58470.43108254897,24916,1.072633799999999E7,13,23,14,10
273,3,4,58470.436961713465,205,17030.58000000001,12,18,14,7
274,4,4,58470.462785700416,29005,1.8292103778046393E9,16,14,8,6
275,4,4,58470.66971679104,23563,1.486008761669047E9,19,23,3,9
276,6,7,58470.43760322688,13730,5910764.999999994,6,20,10,7
277,3,3,58470.74533810275,22374,273645.7957894727,5,11,12,13
278,3,3,58470.59508469395,12755,156000.3631578942,5,13,3,3
279,1,2,58470.65266846827,35741,7205385.59999999,16,24,13,3
280,3,4,58470.62854644864,29478,2448914.328000001,4,24,11,7
281,2,5,58470.72274449354,17846,3222912.6468,19,24,2,10
282,1,2,58470.62571073483,53592,1.0804147199999984E7,15,13,10,9
283,3,3,58470.72518144907,489,5980.727368421032,12,21,7,3
284,3,3,58470.7050517236,15031,183837.04105263093,15,25,5,11
285,3,4,58470.54440094632,14908,1238497.0080000008,13,21,7,1
286,3,4,58470.43225049346,27722,2303032.872000001,16,25,15,13
287,3,3,58470.50248091276,15991,195578.34631578877,8,21,9,10
288,3,3,58470.50654374844,35499,434171.453684209,14,17,7,3
289,4,4,58470.658505227664,18769,1.1836734901229193E9,5,21,1,10
290,3,1,58470.69039377962,45846,2.8401596999999996E7,14,20,3,4
291,1,2,58470.67542852708,27280,5499647.999999993,13,10,5,9
292,3,1,58470.405183372524,254,157352.99999999997,5,10,11,11
293,6,7,58470.44340868761,3095,1332397.4999999988,11,8,10,5
294,1,2,58470.29097982751,22068,4448908.799999994,7,13,15,4
295,3,1,58470.70328004739,23747,1.4711266499999996E7,15,23,11,4
296,1,2,58470.35880827105,46949,9464918.399999985,10,9,11,7
297,4,4,58470.73229336624,17160,1.0822013474617343E9,6,14,2,8
298,3,4,58470.27256848927,21053,1748999.028000001,15,8,3,6
299,3,3,58470.59159700784,40548,495923.3810526298,12,24,11,14
300,1,2,58470.31406041789,16796,3386073.5999999954,4,16,4,13
301,2,5,58470.631266671466,7532,1360247.5656,16,10,14,9
302,2,6,58470.35482608048,9779,410718.0000000003,14,14,10,7
303,3,4,58470.57018667634,41067,3411682.092000002,17,22,9,14
304,3,1,58470.386276654936,20836,1.2907901999999998E7,10,8,14,12
305,1,2,58470.42077682018,1198,241516.79999999967,4,11,3,7
306,2,6,58470.65620759199,1034,43428.00000000003,9,8,10,5
307,2,6,58470.3931838757,31924,1340808.0000000007,6,22,4,1
308,6,7,58470.44939291582,3797,1634608.4999999986,12,17,10,7
309,3,1,58470.41427133269,23630,1.4638784999999998E7,14,18,1,12
310,2,6,58470.27766353931,49624,2084208.0000000012,17,12,2,3
311,1,2,58470.5207208045,19476,3926361.5999999945,4,15,3,7
312,6,7,58470.5589017879,49178,2.117112899999998E7,4,20,13,14
313,4,4,58470.52241350732,12556,7.918484917674556E8,19,15,2,1
314,4,4,58470.56265457139,10070,6.350680401479992E8,7,12,6,11
315,3,1,58470.73291952646,2805,1737697.4999999998,4,10,13,9
316,6,7,58470.52504269655,43788,1.885073399999998E7,6,17,7,5
317,3,1,58470.72566874864,5049,3127855.4999999995,9,12,12,11
318,6,7,58470.46219033648,17483,7526431.4999999935,14,25,7,10
319,2,6,58470.36376270059,7337,308154.0000000002,10,22,9,12
320,3,3,58470.657445114724,30456,372492.9094736829,13,10,4,15
321,2,5,58470.438373119854,493,89033.72940000001,15,19,6,15
322,1,2,58470.657834039936,6671,1344873.599999998,16,12,2,2
323,2,5,58470.41493346972,20106,3631059.1548,16,15,1,13
324,3,3,58470.69499006078,5994,73309.77473684185,8,10,14,8
325,4,4,58470.321560631644,13023,8.213000086243688E8,10,23,15,15
326,3,1,58470.4776770055,9329,5779315.499999999,16,24,11,15
327,2,5,58470.50261481391,18060,3261560.148,18,19,2,15
328,3,4,58470.48484659205,15913,1321988.3880000007,17,15,3,8
329,3,1,58470.7276233554,3536,2190551.9999999995,7,15,4,2
330,3,4,58470.49769999955,12390,1029311.6400000006,19,23,13,7
331,3,1,58470.53406862829,1728,1070495.9999999998,5,24,6,6
332,3,4,58470.7106324696,11037,916909.8120000005,17,8,14,12
333,1,2,58470.68191774143,3497,704995.199999999,8,16,14,13
334,3,1,58470.34986087447,1123,695698.4999999999,5,7,10,7
335,2,6,58470.32318924619,8888,373296.00000000023,7,23,6,14
336,1,2,58470.5217146283,57029,1.1497046399999984E7,16,12,8,9
337,4,4,58470.54562426943,41305,2.604914140845393E9,16,23,1,3
338,3,1,58470.64695129179,29048,1.7995235999999996E7,11,17,14,1
339,4,4,58470.482805674845,38677,2.439178410010344E9,13,17,15,2
340,3,3,58470.54545211736,4339,53068.253684210336,8,8,12,8
341,2,6,58470.65517737693,17786,747012.0000000005,17,22,1,10
342,1,2,58470.51943009238,25,5039.999999999993,13,7,11,8
343,3,3,58470.569785727486,19268,235657.78105263074,6,10,10,9
344,2,6,58470.310490449236,6904,289968.0000000002,16,21,9,4
345,2,6,58470.43201973572,12820,538440.0000000003,19,9,12,12
346,3,4,58470.48042162709,4909,407820.0840000002,17,13,12,13
347,6,7,58470.56171746274,17898,7705088.9999999935,4,9,3,1
348,6,7,58470.525783446355,12111,5213785.499999995,5,16,9,9
349,6,7,58470.69662747833,41316,1.7786537999999985E7,18,12,13,14
350,2,6,58470.635502236764,10638,446796.0000000003,13,23,1,12
351,4,4,58470.36399673309,24844,1.5667954706491451E9,11,20,3,3
352,2,6,58470.477253841964,39632,1664544.000000001,7,14,8,13
353,4,4,58470.5014695551,3085,1.9455659422607523E8,7,9,13,2
354,3,3,58470.58576965429,5313,64980.78631578924,12,15,3,9
355,3,1,58470.252505988894,5693,3526813.499999999,5,24,9,2
356,3,3,58470.635002066156,13925,170310.07894736782,6,16,8,6
357,3,1,58470.628359835704,35529,2.2010215499999993E7,16,24,6,8
358,3,4,58470.61709152888,18171,1509573.996000001,13,18,4,2
359,1,2,58470.403432107196,12974,2615558.399999996,19,10,1,14
360,6,7,58470.62107119765,1987,855403.4999999993,19,25,2,14
361,2,6,58470.71368473815,32916,1382472.000000001,8,10,2,1
362,3,1,58470.42458798138,20303,1.2577708499999998E7,9,18,12,10
363,3,3,58470.41505289526,20946,256180.6042105254,16,14,14,3
364,3,1,58470.32830595285,11265,6978667.499999999,10,8,7,13
365,4,4,58470.428140637254,78219,4.932908344819896E9,14,14,10,12
366,2,5,58470.34968504146,3251,587116.9458000001,11,14,12,14
367,3,4,58470.74079703237,12665,1052157.5400000007,13,13,10,7
368,3,3,58470.68157882613,5290,64699.48421052609,7,23,9,15
369,3,4,58470.265888285605,64864,5388641.664000004,7,22,13,5
370,2,5,58470.68640858543,10084,1821128.0472000001,4,20,1,15
371,3,1,58470.73544725091,22265,1.3793167499999998E7,14,21,6,7
372,6,7,58470.4143358688,34247,1.4743333499999987E7,9,19,10,12
373,2,5,58470.4371581221,26496,4785066.3168,12,20,3,14
374,3,4,58470.35765163361,43934,3649860.984000002,5,10,12,6
375,3,4,58470.30998611136,4883,405660.1080000002,18,11,5,2
376,2,5,58470.468278270026,2057,371485.5606,19,15,12,10
377,2,6,58470.373991429165,622,26124.000000000015,9,23,6,12
378,3,4,58470.743958455016,6687,555529.2120000003,19,21,2,15
379,2,6,58470.668064470956,38820,1630440.000000001,14,11,8,2
380,2,6,58470.3507104575,16643,699006.0000000005,18,23,6,5
381,3,3,58470.63857478199,6820,83412.18947368392,5,18,3,6
382,1,2,58470.64983290767,11249,2267798.3999999966,16,17,3,12
383,3,1,58470.460966597944,43066,2.6679386999999996E7,9,25,2,14
384,2,6,58470.411257670195,8328,349776.00000000023,9,17,6,11
385,3,3,58470.73408612044,34347,420081.88736841956,10,25,2,10
386,2,5,58470.66999940785,1315,237483.47700000004,13,23,13,8
387,2,5,58470.3286788278,32469,5863765.0302,11,15,5,11
388,2,5,58470.741704903434,26457,4778023.0806,6,14,1,14
389,3,4,58470.31532969733,6807,565498.3320000003,13,14,12,1
390,1,2,58470.62943782287,3518,709228.799999999,15,10,6,11
391,3,4,58470.67281853813,14329,1190396.0040000007,5,12,4,1
392,2,6,58470.39373637967,15589,654738.0000000003,16,12,14,13
393,1,2,58470.53239628795,75,15119.999999999976,18,21,10,12
394,2,6,58470.2603406465,7531,316302.0000000002,12,14,2,14
395,3,4,58470.714054601376,19101,1586834.676000001,13,23,10,11
396,1,2,58470.34254907177,7171,1445673.599999998,6,22,2,4
397,3,1,58470.31818837071,12785,7920307.499999999,7,11,10,6
398,1,2,58470.2589255487,25885,5218415.999999993,5,14,10,9
399,4,4,58470.484169594994,1855,1.1698621792199986E8,17,20,11,4
400,2,6,58470.25488709272,23621,992082.0000000006,16,23,4,12
401,3,4,58470.6695601551,10882,904033.0320000005,13,15,15,12
402,2,5,58470.533632707935,24024,4338633.4992,14,8,3,3
403,3,1,58470.38264191306,15528,9619595.999999998,16,11,13,5
404,3,1,58470.47540060919,10609,6572275.499999999,15,25,15,13
405,2,5,58470.432389262714,16860,3044845.188,18,17,10,8
406,4,4,58470.707000777904,34093,2.150086861247839E9,6,16,11,5
407,3,4,58470.5242051251,16228,1348157.328000001,13,21,9,5
408,3,4,58470.56801696354,23601,1960676.6760000011,13,19,7,10
409,4,4,58470.65940122656,23105,1.4571248329314322E9,18,13,15,4
410,3,3,58470.31054349296,25395,310594.2157894726,11,21,12,10
411,4,4,58470.52543443439,6343,4.000234934119919E8,15,8,1,1
412,2,6,58470.71233483403,14142,593964.0000000003,16,12,10,8
413,2,5,58470.32432907432,15594,2816210.9052000004,17,24,4,6
414,4,4,58470.48634664012,17262,1.0886340128137796E9,18,23,12,1
415,3,1,58470.55832088437,3499,2167630.4999999995,4,13,3,4
416,3,1,58470.312811519725,15954,9883502.999999998,16,13,4,15
417,2,5,58470.362652257856,16134,2913732.6372,18,21,1,7
418,2,6,58470.5186934792,17653,741426.0000000005,8,22,12,11
419,2,6,58470.67735904549,20016,840672.0000000005,4,19,15,1
420,4,4,58470.29636595364,463,2.9199255470558453E7,4,18,14,7
421,2,6,58470.53024842549,18783,788886.0000000005,8,11,3,14
422,3,1,58470.46839835778,47169,2.9221195499999993E7,7,25,14,2
423,2,6,58470.434542229734,2181,91602.00000000006,4,16,13,3
424,6,7,58470.70859439051,30031,1.2928345499999989E7,12,20,7,4
425,2,6,58470.4381971272,19073,801066.0000000005,17,20,6,15
426,3,3,58470.59342210979,14976,183164.36210526252,14,8,1,11
427,3,1,58470.47021220722,38129,2.3620915499999993E7,9,21,6,12
428,2,5,58470.669155904165,11141,2012017.8078,12,9,14,5
429,3,3,58470.496157433605,10630,130010.49473684165,12,23,5,7
430,3,4,58470.38831120382,29382,2440939.0320000015,19,8,2,6
431,4,4,58470.33354369978,12530,7.9020879275615E8,19,9,11,3
432,2,5,58470.3038000264,23614,4264589.2212000005,10,18,8,15
433,3,3,58470.661837261425,43041,526414.0831578929,15,23,12,10
434,1,2,58470.646939878,4781,963849.5999999986,15,24,15,2
435,2,6,58470.65933273264,22358,939036.0000000006,13,11,8,7
436,2,6,58470.42708308319,37313,1567146.000000001,12,24,3,6
437,6,7,58470.449918456776,22075,9503287.499999993,10,9,10,14
438,3,4,58470.57757163787,17936,1490051.1360000009,5,16,2,4
439,1,2,58470.5391954742,3194,643910.3999999991,7,22,8,8
440,2,6,58470.324798790934,5167,217014.00000000015,12,8,14,11
441,6,7,58470.71836896791,8281,3564970.4999999967,5,13,12,3
442,3,4,58470.6383687942,36905,3065919.7800000017,8,20,10,10
443,1,2,58470.68351869143,6605,1331567.9999999981,4,22,4,4
444,1,2,58470.517948528024,4668,941068.7999999986,17,18,10,7
445,2,5,58470.33836840978,34174,6171680.869200001,4,24,13,7
446,6,7,58470.52887282417,28279,1.2174109499999989E7,4,21,3,13
447,2,5,58470.28910257859,21767,3931028.7786,11,10,2,5
448,2,5,58470.25053195964,15838,2860276.2804000005,11,13,7,11
449,1,2,58470.32995668078,578,116524.79999999984,5,15,2,13
450,3,4,58470.4262541595,23126,1921215.576000001,8,20,7,5
451,3,4,58470.61457330012,33868,2813617.9680000017,15,25,7,10
452,3,1,58470.6940632301,31715,1.9647442499999993E7,5,13,13,11
453,3,1,58470.415552687555,26075,1.6153462499999998E7,16,15,8,14
454,2,5,58470.57280938015,10777,1946280.9366000001,13,15,5,6
455,1,2,58470.48164988421,45640,9201023.999999987,16,14,8,2
456,2,5,58470.65111773997,17616,3181375.6128000002,14,25,11,15
457,3,3,58470.73817890318,7830,95765.02105263123,14,13,4,5
458,1,2,58470.39161521414,32663,6584860.7999999905,19,17,14,5
459,2,6,58470.66469286797,47257,1984794.0000000012,6,11,13,9
460,3,4,58470.46225794262,19231,1597634.5560000008,4,15,4,1
461,6,7,58470.645986430034,24840,1.069361999999999E7,17,8,13,9
462,3,3,58470.30500402627,8143,99593.17578947333,19,11,10,10
463,3,4,58470.64488420226,21433,1780567.908000001,17,24,10,3
464,6,7,58470.707890007885,175,75337.49999999994,10,23,4,1
465,3,3,58470.46071171624,18348,224405.6968421045,15,18,6,12
466,3,1,58470.29095510608,5539,3431410.499999999,16,20,4,3
467,2,5,58470.58632378966,25525,4609707.795000001,18,16,5,4
468,3,4,58470.488836959754,19045,1582182.4200000009,7,10,12,9
469,3,3,58470.45237430468,22122,270563.7031578938,18,23,13,14
470,6,7,58470.5182485615,22818,9823148.99999999,7,9,7,1
471,4,4,58470.45108951052,18347,1.1570599138624966E9,12,25,8,11
472,6,7,58470.45820689981,46512,2.002341599999998E7,15,12,9,3
473,2,5,58470.61207615713,2364,426928.4712,11,11,7,7
474,3,3,58470.50412807509,1890,23115.694736842022,15,9,13,10
475,3,4,58470.65224845196,6695,556193.8200000003,4,24,11,12
476,2,5,58470.273663796295,14677,2650604.5566000002,11,15,15,5
477,3,4,58470.603659373526,17614,1463300.6640000008,18,16,12,10
478,3,4,58470.67605803482,21770,1808564.5200000012,16,12,13,4
479,2,6,58470.553780493254,32404,1360968.0000000007,16,18,13,10
480,6,7,58470.384894303934,8661,3728560.4999999963,8,8,12,11
481,3,3,58470.378837727156,11937,145995.79263157843,7,12,6,8
482,2,5,58470.499529852816,43976,7941880.900800001,6,7,13,14
483,3,1,58470.25055104052,5884,3645137.999999999,18,12,7,5
484,3,3,58470.604528463205,6877,84109.32947368392,18,10,2,12
485,6,7,58470.61952024789,3142,1352630.9999999988,8,19,1,11
486,3,4,58470.399789762276,15048,1250127.6480000007,5,19,3,3
487,3,4,58470.25872878263,16657,1383796.9320000007,16,8,8,6
488,2,6,58470.56382378826,34848,1463616.000000001,5,7,1,13
489,3,1,58470.741804787074,12953,8024383.499999998,9,20,6,6
490,2,5,58470.33941837861,473,85421.81340000001,19,15,9,4
491,3,4,58470.62600961787,7289,605540.9640000003,10,18,13,3
492,3,3,58470.491609192075,3492,42708.99789473669,14,20,14,5
493,6,7,58470.52296138105,13154,5662796.999999995,12,7,14,9
494,3,1,58470.710781388,20099,1.2451330499999996E7,15,7,5,14
495,3,1,58470.492479013,12088,7488515.999999998,11,18,13,1
496,2,6,58470.58248589198,6006,252252.00000000015,9,10,14,15
497,3,3,58470.6676319851,20916,255813.68842105172,13,23,10,4
498,3,4,58470.39801467616,9543,792794.2680000005,8,13,12,9
499,3,3,58470.61825141417,11320,138449.55789473635,7,18,2,9
500,3,1,58470.397630318854,2720,1685039.9999999998,15,8,12,2
501,4,4,58470.421368714866,4550,2.869473269784902E8,17,22,10,8
502,3,1,58470.281979445776,45595,2.8246102499999996E7,11,15,5,5
503,2,5,58470.32470990083,5349,966006.9342,12,9,7,7
504,3,4,58470.40141829687,16509,1371501.6840000008,19,20,12,3
505,3,1,58470.48940845053,14152,8767163.999999998,5,10,13,10
506,6,7,58470.45791746793,10792,4645955.999999995,13,10,6,8
507,1,2,58470.71284012634,2888,582220.7999999991,6,25,3,9
508,3,4,58470.44979577916,35034,2910484.5840000017,12,17,12,7
509,2,6,58470.725885856504,33720,1416240.0000000007,13,7,13,13
510,3,4,58470.64787460154,2290,190244.0400000001,10,21,3,2
511,3,4,58470.50978702414,16266,1351314.2160000007,15,14,5,3
512,2,6,58470.4972871528,9229,387618.00000000023,19,18,8,7
513,3,1,58470.605133288525,5936,3677351.999999999,17,13,7,6
514,3,1,58470.59157383898,32818,2.0330750999999996E7,15,20,11,3
515,3,4,58470.29623162463,17823,1480663.5480000009,4,8,13,3
516,3,4,58470.67152458089,10170,844882.9200000004,7,15,1,4
517,6,7,58470.746100703094,12877,5543548.499999994,13,21,4,3
518,2,6,58470.44297032123,14347,602574.0000000003,10,15,10,11
519,3,4,58470.66597921152,8302,689696.9520000004,9,11,7,12
520,3,4,58470.59690275413,33466,2780221.4160000016,5,12,13,3
521,1,2,58470.590502360224,11830,2384927.9999999967,18,25,6,14
522,2,5,58470.52111311739,22556,4073518.8648,10,16,5,12
523,2,5,58470.27167063285,16511,2981817.2538000005,13,13,1,12
524,3,1,58470.42541949209,8052,4988213.999999999,10,9,6,13
525,2,6,58470.52391926785,17727,744534.0000000003,5,14,1,15
526,3,3,58470.695639718666,37134,454168.3642105247,19,20,1,10
527,1,2,58470.37292720947,2017,406627.19999999943,18,12,15,3
528,1,2,58470.399568899826,11582,2334931.1999999965,11,17,1,2
529,2,5,58470.442874425244,16999,3069948.0042000003,18,23,3,5
530,2,6,58470.67620651395,8817,370314.00000000023,15,9,15,5
531,6,7,58470.40262043644,47942,2.063903099999998E7,6,22,6,10
532,3,1,58470.51205621141,31078,1.9252820999999996E7,7,16,15,13
533,3,3,58470.60882117233,1244,15214.774736842051,12,18,10,5
534,3,4,58470.46188450578,16617,1380473.8920000007,18,8,11,3
535,2,6,58470.655339048586,8288,348096.00000000023,9,8,4,8
536,3,3,58470.39009957783,36342,444481.78736841946,15,21,11,13
537,6,7,58470.25065952627,5968,2569223.9999999977,8,7,13,4
538,6,7,58470.40655804979,35362,1.5223340999999987E7,9,16,9,10
539,3,4,58470.564197301086,45142,3750216.792000002,7,22,5,4
540,4,4,58470.40574847148,14710,9.276912483194705E8,8,9,6,6
541,4,4,58470.59506228052,23827,1.5026580131684585E9,18,13,15,13
542,4,4,58470.55409694119,12175,7.678205947171689E8,4,13,4,13
543,3,3,58470.282042957464,30565,373826.03684210393,7,12,3,8
544,3,4,58470.44478959879,790,65630.04000000004,16,10,6,8
545,3,1,58470.28625808314,32011,1.9830814499999996E7,9,17,5,12
546,2,5,58470.599862010386,19147,3457867.7826,18,14,7,1
547,3,3,58470.360455651484,17410,212933.46315789397,14,8,8,9
548,6,7,58470.677726830065,1154,496796.99999999953,17,8,6,14
549,4,4,58470.537532510985,25714,1.621662322181296E9,9,9,7,10
550,1,2,58470.70507742288,45362,9144979.199999986,7,15,10,5
551,3,3,58470.35420032101,34596,423127.28842105117,16,21,2,15
552,1,2,58470.374709229385,9807,1977091.1999999972,17,17,5,1
553,3,1,58470.325822524086,4546,2816246.9999999995,4,17,2,5
554,6,7,58470.38118069144,7074,3045356.999999997,18,14,4,8
555,4,4,58470.658063832285,35762,2.2553429247043443E9,13,19,13,7
556,4,4,58470.506218814044,19724,1.2439008961151078E9,14,22,1,3
557,4,4,58470.48756922491,11323,7.140889194236141E8,6,24,1,5
558,3,4,58470.601409370545,494,41039.54400000002,17,16,6,2
559,6,7,58470.39886457672,27232,1.1723375999999989E7,6,14,10,11
560,3,1,58470.713938755114,3246,2010896.9999999995,5,21,6,9
561,1,2,58470.57888885239,3970,800351.9999999988,11,8,9,4
562,1,2,58470.652605791176,8095,1631951.9999999974,16,8,14,3
563,1,2,58470.51081606512,6984,1407974.399999998,5,12,1,3
564,4,4,58470.56860455194,10785,6.801597629589049E8,11,15,6,5
565,2,6,58470.448666606375,22823,958566.0000000006,10,24,14,9
566,2,5,58470.45669845612,24619,4446088.000200001,14,25,10,10
567,3,1,58470.448762446176,14363,8897878.499999998,13,19,12,8
568,2,6,58470.627057338344,3329,139818.0000000001,15,12,10,5
569,4,4,58470.47051771363,1374,8.665178621284518E7,15,15,11,5
570,3,4,58470.55838296926,48014,3988811.064000002,11,23,9,1
571,2,5,58470.59138713971,36887,6661637.274600001,14,17,14,1
572,3,4,58470.257262393614,20558,1707876.408000001,14,19,11,3
573,6,7,58470.65268059184,1708,735293.9999999993,4,9,2,6
574,6,7,58470.36092357767,4290,1846844.9999999981,11,23,1,3
575,1,2,58470.66312031108,19116,3853785.5999999945,7,21,6,5
576,2,5,58470.341421383346,5217,942168.2886000001,4,20,4,3
577,3,4,58470.30343463498,11663,968915.3880000005,18,11,10,2
578,4,4,58470.580812915825,770,4.856031687328296E7,11,13,7,15
579,4,4,58470.3687367479,18980,1.1969802782531304E9,11,18,14,1
580,1,2,58470.68459439303,11386,2295417.599999997,5,16,3,10
581,4,4,58470.406083099384,2445,1.5419477240932053E8,11,22,8,6
582,2,5,58470.52848816331,42462,7668458.859600001,6,9,12,1
583,2,6,58470.27899950538,50889,2137338.000000001,7,23,5,13
584,3,1,58470.456688447615,4428,2743145.999999999,10,13,15,1
585,1,2,58470.334701139735,38010,7662815.999999989,15,18,13,15
586,4,4,58470.49346137919,25846,1.6299869479310017E9,10,19,12,2
587,3,3,58470.59341554311,19690,240819.06315789386,5,25,7,13
588,3,3,58470.40949355439,13895,169943.16315789413,12,12,15,9
589,2,5,58470.45849043799,443,80003.9394,7,17,7,6
590,3,3,58470.72257283884,33132,405221.7978947354,18,13,14,1
591,3,4,58470.26580128634,9293,772025.2680000004,4,23,13,6
592,2,6,58470.401959686904,8419,353598.00000000023,19,25,1,9
593,2,5,58470.68805481753,7569,1366929.6102000002,18,21,2,12
594,2,6,58470.514219067736,36188,1519896.000000001,5,9,11,6
595,4,4,58470.391748402886,11363,7.166115332871614E8,10,23,11,6
596,1,2,58470.63156976634,815,164303.99999999977,7,7,9,2
597,3,3,58470.41799061953,13705,167619.36315789414,9,22,10,4
598,4,4,58470.48753926573,3356,2.1164730315160728E8,17,10,1,1
599,2,5,58470.65910817223,33694,6084994.8852,7,25,5,7
600,2,6,58470.659687751264,18174,763308.0000000005,12,11,13,3
601,2,6,58470.431296305294,8203,344526.00000000023,15,20,4,8
602,3,4,58470.27571406293,15533,1290419.5080000008,17,18,7,5
603,3,4,58470.67372672496,29179,2424074.604000001,12,18,8,10
604,1,2,58470.36561733181,20969,4227350.399999994,12,20,2,11
605,6,7,58470.66631512069,28298,1.2182288999999989E7,6,11,8,12
606,2,5,58470.453655051955,45591,8233543.117800001,9,16,6,5
607,3,1,58470.41586242532,34887,2.1612496499999996E7,12,12,10,11
608,2,5,58470.43676244748,14948,2699546.0184000004,5,15,15,7
609,2,6,58470.338317851885,17652,741384.0000000003,18,23,10,6
610,1,2,58470.61867348347,8273,1667836.7999999977,17,15,2,15
611,4,4,58470.69683204329,4227,2.6657722003034684E8,6,22,12,10
612,4,4,58470.46377527929,12388,7.812535135405575E8,15,15,15,4
613,4,4,58470.472901260706,1191,7.511082778711689E7,6,24,7,6
614,6,7,58470.71813026013,2818,1213148.9999999988,14,22,13,1
615,4,4,58470.37245439122,9154,5.773001826727691E8,10,10,3,1
616,3,4,58470.39439057785,5738,476690.0880000002,10,21,9,6
617,4,4,58470.51460023161,28192,1.777938251028043E9,5,20,10,3
618,4,4,58470.55120561725,5813,3.66598859719992E8,5,8,4,9
619,3,3,58470.52443153151,46667,570761.9715789453,14,7,9,1
620,3,1,58470.31810658599,1799,1114480.4999999998,15,15,9,8
621,2,6,58470.32541714497,12011,504462.0000000003,5,15,9,13
622,2,5,58470.36019575759,16083,2904522.2514000004,13,18,13,3
623,3,1,58470.74221302833,38153,2.3635783499999996E7,15,13,6,8
624,3,4,58470.712219371984,120,9969.120000000004,7,22,15,15
625,2,6,58470.658558919924,51437,2160354.0000000014,14,25,4,1
626,4,4,58470.270438164414,7027,4.431601904786485E8,11,20,8,6
627,6,7,58470.64295012866,3221,1386640.4999999988,14,14,4,7
628,1,2,58470.74227318571,3084,621734.3999999991,18,14,8,2
629,6,7,58470.5872458349,20870,8984534.999999993,15,25,14,14
630,2,5,58470.5192506941,26771,4834730.1618,13,17,13,2
631,6,7,58470.474239038835,7946,3420752.9999999967,18,23,2,14
632,6,7,58470.527236573325,4954,2132696.999999998,19,10,14,10
633,3,3,58470.622535291215,24775,303011.28947368317,12,14,11,5
634,4,4,58470.70081721251,11083,6.989532362423311E8,14,14,15,9
635,3,3,58470.25022396668,19509,238605.337894736,13,10,1,5
636,4,4,58470.29775601214,54653,3.446710387111082E9,17,19,8,10
637,4,4,58470.35975233995,26086,1.6451226311122847E9,12,18,8,15
638,2,5,58470.545352119974,7181,1296858.4398,18,15,5,15
639,6,7,58470.620775264695,37470,1.6130834999999983E7,17,18,13,4
640,1,2,58470.43595502343,22253,4486204.799999994,16,17,4,15
641,6,7,58470.50413376833,40092,1.7259605999999985E7,16,10,8,5
642,4,4,58470.31982700999,8227,5.1883860638506347E8,18,11,3,6
643,3,1,58470.44136427506,12401,7682419.499999998,17,22,9,5
644,2,5,58470.50897282062,27697,5001961.8726,12,15,8,12
645,3,3,58470.43963636006,26746,327117.6568421041,16,7,14,4
646,6,7,58470.733770134284,18002,7749860.999999993,19,8,8,3
647,6,7,58470.26532243909,40605,1.748045249999998E7,8,21,8,2
648,2,5,58470.27196020527,29165,5267076.507,15,21,7,6
649,3,3,58470.577533787466,14495,177281.4789473678,5,11,8,12
650,2,6,58470.54650127287,28514,1197588.0000000007,4,25,3,2
651,3,4,58470.54701063695,5387,447530.41200000024,8,7,10,2
652,2,5,58470.463869961495,23435,4232262.573000001,10,14,4,13
653,3,1,58470.48964343167,41504,2.5711727999999993E7,18,18,10,8
654,3,1,58470.563467195134,4390,2719604.999999999,13,15,10,6
655,4,4,58470.694884160104,15636,9.860897592605875E8,12,17,10,6
656,6,7,58470.722468782435,6177,2659198.4999999977,18,22,6,11
657,3,1,58470.28439100139,30682,1.9007498999999996E7,19,13,3,4
658,3,4,58470.7384240848,30074,2498427.6240000012,16,10,6,6
659,4,4,58470.29887138656,10580,6.672313669082257E8,12,16,7,15
660,2,5,58470.509970434265,1331,240373.00980000003,6,10,1,8
661,2,6,58470.673028573,10522,441924.00000000023,8,14,1,12
662,3,4,58470.65475953978,13473,1119282.9480000006,11,14,10,7
663,4,4,58470.35236130346,5665,3.572651884248675E8,18,14,14,10
664,4,4,58470.330345490045,4821,3.040380359040223E8,12,7,3,8
665,3,1,58470.67867613072,45006,2.7881216999999996E7,7,8,6,14
666,2,6,58470.272685034266,22595,948990.0000000006,8,13,3,9
667,4,4,58470.602745874974,33633,2.1210768018170464E9,15,12,2,2
668,4,4,58470.68628948349,24348,1.5355150587411604E9,17,24,6,11
669,3,3,58470.49019357363,17801,217715.59894736766,13,24,5,11
670,3,3,58470.253427209864,3485,42623.384210526165,4,24,14,9
671,1,2,58470.536202251795,16705,3367727.999999995,12,19,14,1
672,1,2,58470.666708847806,34983,7052572.79999999,17,20,13,1
673,3,1,58470.466270556724,29555,1.8309322499999996E7,9,19,13,5
674,2,5,58470.43728977488,16653,3007461.8574000006,10,9,4,14
675,2,5,58470.51232367335,36923,6668138.7234000005,14,19,9,1
676,3,3,58470.50916330901,19874,243069.47999999914,11,12,10,9
677,4,4,58470.52052237784,17437,1.0996704484667985E9,15,8,10,5
678,2,5,58470.71013987482,44559,8047168.2522,15,21,10,6
679,2,5,58470.35749831017,38952,7034567.601600001,19,25,1,11
680,3,3,58470.57354511714,22562,275945.13473684114,6,15,6,13
681,2,5,58470.652009777885,49359,8914028.0922,15,16,10,12
682,3,3,58470.26215010344,30687,375318.1610526303,8,12,8,5
683,2,5,58470.49980164983,24091,4350733.4178,18,19,8,7
684,4,4,58470.570877477665,31237,1.969972231390571E9,5,15,5,8
685,3,3,58470.69310734776,13607,166420.77157894676,8,17,2,7
686,4,4,58470.32784428059,15213,9.594131176535763E8,8,19,9,11
687,2,5,58470.30068016951,7701,1390768.2558,5,17,8,6
688,1,2,58470.549084924496,22552,4546483.199999994,11,16,12,15
689,1,2,58470.445938068384,34323,6919516.7999999905,12,9,2,3
690,3,4,58470.54626987349,40101,3331430.676000002,9,23,6,14
691,4,4,58470.33766703395,23200,1.4631160408573568E9,16,22,2,14
692,4,4,58470.51391749734,23471,1.4802067497828887E9,19,10,1,4
693,3,1,58470.34736206418,1760,1090319.9999999998,6,10,14,6
694,1,2,58470.29716721352,3242,653587.199999999,15,19,11,1
695,1,2,58470.450579125616,3294,664070.399999999,18,19,14,3
696,4,4,58470.4531622965,28374,1.7894161441071825E9,5,7,12,9
697,6,7,58470.30487319476,8271,3560665.4999999967,18,23,9,8
698,4,4,58470.61049121509,30578,1.9284121679886315E9,10,18,10,6
699,2,6,58470.59078805463,5630,236460.00000000015,16,18,7,4
700,3,1,58470.566375213704,10077,6242701.499999998,11,9,7,8
701,6,7,58470.7055632871,6621,2850340.499999997,14,7,14,14
702,3,1,58470.638713063585,11873,7355323.499999998,10,12,4,2
703,3,4,58470.541781431835,27382,2274787.032000001,6,12,14,1
704,2,6,58470.62168020339,45078,1893276.0000000012,9,11,1,10
705,3,3,58470.28417961077,4670,57116.55789473664,19,18,4,3
706,1,2,58470.4409901187,14547,2932675.1999999955,15,20,3,3
707,1,2,58470.49248837057,14751,2973801.599999996,6,11,13,14
708,1,2,58470.49754076933,28368,5718988.799999992,15,11,12,1
709,6,7,58470.667047635725,18964,8164001.999999993,5,15,5,2
710,2,6,58470.60198589172,1872,78624.00000000004,14,14,14,9
711,6,7,58470.683696794935,32962,1.4190140999999987E7,8,21,11,7
712,1,2,58470.33395787288,23312,4699699.199999993,14,12,9,10
713,1,2,58470.5984307354,43693,8808508.799999988,5,15,3,13
714,6,7,58470.565477472686,947,407683.4999999996,5,20,14,13
715,2,5,58470.292717333825,50929,9197563.4982,8,9,1,5
716,2,6,58470.391492498646,32647,1371174.000000001,18,22,11,14
717,3,3,58470.27412288348,15485,189389.6999999993,13,23,3,9
718,3,3,58470.44979155812,19286,235877.93052631497,15,13,4,15
719,4,4,58470.5278887935,23759,1.4983695696004283E9,16,19,3,9
720,2,5,58470.61215147309,15472,2794178.2176,10,22,3,10
721,3,1,58470.66675294811,197,122041.49999999997,7,23,8,1
722,4,4,58470.56087961517,12671,7.991010066251537E8,14,18,3,8
723,2,6,58470.54887561542,20098,844116.0000000006,16,8,5,11
724,2,5,58470.535514639545,46297,8361043.7526,19,20,14,15
725,4,4,58470.46267929106,24950,1.5734803973875453E9,18,17,4,1
726,3,4,58470.648579110515,16506,1371252.4560000007,15,25,13,6
727,4,4,58470.318492500315,25334,1.597697490477598E9,14,20,11,6
728,6,7,58470.574548641314,37454,1.6123946999999985E7,10,13,2,15
729,3,3,58470.68164007231,28094,343604.4063157882,13,13,6,9
730,3,4,58470.64104538401,14141,1174777.7160000005,8,24,5,5
731,3,1,58470.47993306045,17896,1.1086571999999998E7,15,7,6,14
732,2,6,58470.66597855404,50546,2122932.0000000014,6,23,10,9
733,3,1,58470.3537461607,3511,2175064.4999999995,13,13,9,1
734,6,7,58470.71086047467,27749,1.1945944499999989E7,10,18,4,4
735,3,1,58470.55537931055,5320,3295739.9999999995,18,18,1,8
736,4,4,58470.562731386424,45328,2.858626030171649E9,10,20,1,14
737,6,7,58470.38147867764,33195,1.4290447499999985E7,10,17,12,12
738,2,6,58470.74677735747,12995,545790.0000000003,18,18,4,11
739,6,7,58470.563881090246,42700,1.8382349999999985E7,9,25,12,14
740,1,2,58470.274035588256,3629,731606.399999999,13,13,3,2
741,6,7,58470.3742934604,364,156701.99999999985,5,23,11,3
742,3,4,58470.597644427326,22318,1854090.168000001,16,7,6,2
743,2,6,58470.47759995685,35698,1499316.000000001,18,23,2,6
744,3,1,58470.495202665916,34632,2.1454523999999996E7,9,14,13,14
745,3,4,58470.33231308241,15277,1269152.0520000006,12,21,6,4
746,3,1,58470.31693489542,16539,1.0245910499999998E7,10,10,9,12
747,1,2,58470.523462154364,6881,1387209.599999998,11,18,1,11
748,4,4,58470.43168686297,18245,1.1506272485104513E9,9,24,10,3
749,3,4,58470.37153934644,16545,1374492.4200000006,9,21,8,6
750,6,7,58470.443059954334,42576,1.8328967999999985E7,18,18,6,7
751,3,4,58470.557609842224,11296,938426.4960000005,8,18,8,3
752,3,1,58470.662960987065,22506,1.3942466999999996E7,10,18,2,14
753,3,4,58470.51640079622,49421,4105698.996000002,13,9,10,14
754,6,7,58470.53873829388,46762,2.013104099999998E7,14,18,4,12
755,2,6,58470.41948955461,29689,1246938.0000000007,7,15,4,2
756,2,5,58470.3567451209,10705,1933278.0390000003,11,17,4,4
757,3,3,58470.36227110777,32411,396403.5884210513,7,23,11,12
758,2,6,58470.45118634814,24418,1025556.0000000006,16,25,15,10
759,2,6,58470.369370816356,8867,372414.00000000023,7,7,3,15
760,3,3,58470.55117714245,340,4158.378947368406,4,14,2,8
761,3,3,58470.72879794452,6182,75609.11368421026,13,21,2,15
762,6,7,58470.60705187134,25154,1.082879699999999E7,11,8,12,6
763,4,4,58470.54665587927,42701,2.692953364683189E9,10,15,13,8
764,2,6,58470.4070397307,11827,496734.0000000003,18,23,11,5
765,3,1,58470.45194488041,53839,3.3353260499999993E7,16,16,5,8
766,3,1,58470.5534621543,2702,1673888.9999999998,4,11,6,2
767,3,3,58470.60060565509,9871,120727.52526315745,8,12,11,5
768,3,4,58470.41740427474,33698,2799495.0480000013,13,10,12,9
769,6,7,58470.67771227285,5266,2267012.9999999977,17,19,8,14
770,2,5,58470.29846195618,11372,2053735.4376,11,18,5,7
771,6,7,58470.74148710163,21617,9306118.49999999,14,17,2,13
772,6,7,58470.579775853825,6310,2716454.9999999977,7,23,10,5
773,3,1,58470.684781874814,27189,1.6843585499999996E7,15,23,7,15
774,3,3,58470.57496263256,16587,202867.73999999926,5,25,6,5
775,3,1,58470.39406721743,18439,1.1422960499999998E7,18,21,11,3
776,3,3,58470.591209271064,11222,137250.96631578897,7,9,2,5
777,3,1,58470.36689190549,31131,1.9285654499999996E7,9,9,8,14
778,4,4,58470.72979266894,19001,1.198304650531493E9,10,24,1,6
779,3,3,58470.54768605278,32186,393651.71999999863,10,23,14,14
780,4,4,58470.442051967366,12442,7.846590422563461E8,16,24,3,10
781,3,3,58470.29723497527,23542,287931.05052631476,18,9,13,1
782,2,6,58470.45732391116,9149,384258.00000000023,16,18,7,1
783,1,2,58470.42138010801,47075,9490319.999999987,17,17,1,4
784,2,6,58470.26436115767,8632,362544.00000000023,6,13,2,12
785,2,5,58470.50338320104,24320,4392089.856000001,19,16,4,2
786,2,5,58470.49652368702,2412,435597.06960000005,10,20,5,15
787,4,4,58470.3422730041,10838,6.835022263281049E8,16,25,14,7
788,3,4,58470.7159606305,3294,273652.34400000016,7,12,1,4
789,2,5,58470.38557281239,17671,3191308.3818,11,10,13,9
790,3,3,58470.73842143465,2520,30820.926315789362,6,23,9,8
791,4,4,58470.34772233174,4886,3.081372834322864E8,13,17,15,9
792,4,4,58470.45090070594,24741,1.5602997399505112E9,13,15,6,9
793,6,7,58470.422943407226,6395,2753047.4999999977,6,10,14,5
794,2,6,58470.413249026366,27663,1161846.0000000007,8,13,1,6
795,4,4,58470.72411404455,8305,5.237577034189804E8,19,17,8,2
796,4,4,58470.43200566433,53230,3.356968398915392E9,11,17,4,10
797,6,7,58470.40381632067,13986,6020972.999999994,18,7,3,14
798,6,7,58470.4927055936,16960,7301279.999999993,12,9,8,9
799,3,1,58470.29618959573,29666,1.8378086999999996E7,14,15,1,15
800,4,4,58470.44098333115,36394,2.2952002237483892E9,17,19,14,13
801,1,2,58470.74131874245,9165,1847663.9999999972,16,22,5,5
802,4,4,58470.300670059296,7718,4.8673834497142583E8,13,8,1,1
803,1,2,58470.326278476925,14250,2872799.999999996,17,10,14,5
804,6,7,58470.748560719985,3686,1586822.9999999986,16,20,13,2
805,3,4,58470.516835109316,6470,537501.7200000003,7,15,4,9
806,3,3,58470.69962262897,21051,257464.8094736833,10,25,8,15
807,6,7,58470.72792929946,12564,5408801.999999995,15,19,1,4
808,3,4,58470.74403371604,14725,1223294.1000000008,4,14,6,14
809,3,3,58470.604495093154,7407,90591.5084210523,11,17,15,7
810,3,1,58470.26842553256,37713,2.3363203499999996E7,12,23,6,13
811,2,5,58470.57477493506,22834,4123724.4972,10,11,12,12
812,6,7,58470.279159178615,39406,1.6964282999999985E7,4,22,5,6
813,4,4,58470.46456638952,13729,8.658241433159763E8,15,25,14,10
814,3,3,58470.746393591435,34913,427004.36526315636,8,23,1,9
815,6,7,58470.47204056004,15887,6839353.4999999935,5,19,12,10
816,3,1,58470.50228119765,34322,2.1262478999999996E7,16,20,6,6
817,2,6,58470.70236698567,16391,688422.0000000005,9,20,11,11
818,3,3,58470.50515514823,27036,330664.509473683,19,7,15,1
819,3,1,58470.73706005251,28650,1.7748674999999996E7,12,22,5,7
820,6,7,58470.60037797876,3971,1709515.4999999984,19,19,2,1
821,3,3,58470.44540181521,20563,251496.31263157807,9,17,3,8
822,3,4,58470.38408350491,2041,169558.1160000001,13,13,11,11
823,2,6,58470.321278043724,41277,1733634.000000001,13,20,12,1
824,3,4,58470.404442275874,17880,1485398.8800000006,7,9,6,11
825,2,5,58470.56633444228,36230,6542985.834,17,13,2,2
826,1,2,58470.67951010569,19362,3903379.199999994,15,11,14,11
827,4,4,58470.636041018515,26572,1.6757723895543828E9,11,19,5,6
828,2,5,58470.411952738206,873,157660.13340000002,14,9,9,1
829,3,4,58470.56213501612,9223,766209.9480000004,19,18,7,12
830,1,2,58470.523299863584,12780,2576447.9999999963,18,24,6,9
831,3,4,58470.53046049866,36937,3068578.2120000017,19,18,7,8
832,3,4,58470.71766580466,28775,2390511.9000000013,9,16,9,9
833,3,4,58470.673936241044,24715,2053223.3400000012,6,10,7,12
834,4,4,58470.58392020222,16995,1.0717955652746023E9,14,24,9,8
835,2,5,58470.35300065442,19771,3570559.5618000003,5,14,3,5
836,6,7,58470.71042453405,3943,1697461.4999999984,4,20,1,10
837,2,5,58470.5441371439,9842,1777423.8636,19,9,1,10
838,6,7,58470.44939461802,7426,3196892.999999997,19,23,3,15
839,1,2,58470.70902935878,37361,7531977.599999989,11,19,6,2
840,6,7,58470.73136546406,30569,1.3159954499999987E7,8,8,3,15
841,3,4,58470.40756276238,11475,953297.1000000006,5,21,2,1
842,3,4,58470.71650343174,903,75017.62800000004,11,14,2,12
843,2,5,58470.38564029839,5921,1069307.7318,12,8,10,8
844,6,7,58470.28650884712,1490,641444.9999999994,17,15,8,11
845,3,3,58470.309311310404,17301,211600.33578947294,12,20,15,14
846,1,2,58470.49715014109,13643,2750428.799999996,10,8,14,13
847,2,6,58470.36122307532,5652,237384.00000000015,4,22,4,2
848,3,3,58470.457192702364,22718,277853.0968421043,17,12,4,3
849,3,4,58470.40923563527,1557,129349.33200000007,11,13,4,2
850,1,2,58470.320400507255,766,154425.59999999977,16,11,5,12
851,1,2,58470.49774115349,26327,5307523.199999992,16,19,5,5
852,3,1,58470.72980399416,36104,2.2366427999999993E7,18,10,1,15
853,2,5,58470.503243313615,11426,2063487.6108000001,6,15,14,5
854,6,7,58470.534801947,45265,1.9486582499999985E7,4,7,10,4
855,3,3,58470.66060060234,768,9393.044210526283,18,23,5,11
856,6,7,58470.46136465516,14065,6054982.499999994,4,21,1,13
857,2,5,58470.492365383216,124,22393.8792,9,19,2,7
858,6,7,58470.276273590214,26156,1.1260157999999989E7,15,17,8,8
859,3,3,58470.551713748566,20989,256706.51684210435,4,7,11,8
860,4,4,58470.29823506408,1310,8.261560403116971E7,19,16,15,8
861,2,6,58470.54145059239,23833,1000986.0000000006,9,11,2,13
862,3,4,58470.48216809153,26658,2214640.0080000013,6,24,11,8
863,1,2,58470.74314375008,47701,9616521.599999987,14,20,6,2
864,2,6,58470.42889816898,18136,761712.0000000005,9,24,5,8
865,3,3,58470.47303148813,52895,646933.689473682,14,9,8,6
866,4,4,58470.48674589896,12215,7.70343208580716E8,8,23,14,1
867,2,5,58470.67956089937,27220,4915817.676000001,13,8,7,2
868,4,4,58470.472650224874,21560,1.359688872451923E9,6,21,3,7
869,2,6,58470.54487195019,7862,330204.0000000002,8,14,2,9
870,3,1,58470.506101544066,16477,1.0207501499999998E7,19,8,4,9
871,2,5,58470.679649356905,13188,2381697.4104,12,23,2,15
872,2,5,58470.57423907074,15453,2790746.8974000006,17,8,3,8
873,1,2,58470.42361538206,24405,4920047.9999999935,10,19,7,4
874,3,4,58470.49880581534,39604,3290141.9040000015,15,16,1,15
875,2,6,58470.2943553233,22250,934500.0000000006,5,24,12,1
876,3,4,58470.37396320281,11967,994170.4920000006,19,9,1,15
877,1,2,58470.41506929779,24746,4988793.599999993,14,11,5,2
878,4,4,58470.73432006271,12136,7.653610462002103E8,5,13,12,5
879,3,4,58470.564144251686,24273,2016503.748000001,13,7,14,6
880,3,1,58470.3191356903,28855,1.7875672499999996E7,5,14,14,5
881,6,7,58470.61970814532,28357,1.2207688499999989E7,14,18,15,8
882,4,4,58470.356758376,20276,1.2787129674320588E9,5,14,7,2
883,4,4,58470.699278476066,44976,2.8364270281724343E9,16,12,10,10
884,3,3,58470.270544677216,13429,164243.73789473626,7,10,8,10
885,1,2,58470.33617790685,9013,1817020.7999999975,9,18,7,3
886,4,4,58470.64588449505,4185,2.639284754736223E8,4,23,8,9
887,3,3,58470.61403797921,34661,423922.27263157745,5,24,8,12
888,1,2,58470.441422603166,1229,247766.39999999964,7,19,6,3
889,3,3,58470.70020819698,20669,252792.74842105174,8,24,14,12
890,3,1,58470.656590261846,5682,3519998.9999999995,19,11,10,5
891,6,7,58470.35799140438,28997,1.2483208499999989E7,11,17,14,3
892,3,4,58470.741451648086,6714,557772.2640000003,11,9,13,15
893,3,4,58470.26237733266,14119,1172950.0440000007,7,17,6,5
894,3,4,58470.70290637039,27039,2246291.964000001,11,7,15,14
895,4,4,58470.327391977036,26585,1.6765922390600357E9,15,9,2,15
896,3,3,58470.472443677434,16422,200849.70315789402,6,13,5,15
897,3,4,58470.278140332586,1856,154189.05600000007,7,12,15,6
898,6,7,58470.66085387316,26430,1.137811499999999E7,5,13,8,4
899,2,5,58470.53720900138,6221,1123486.4718,6,9,9,6
900,3,3,58470.478115076236,44750,547316.052631577,8,14,13,7
901,3,4,58470.59434137987,11501,955457.0760000005,12,8,13,11
902,4,4,58470.27465518476,8080,5.095680004365276E8,8,25,3,4
903,3,4,58470.523617753526,44511,3697795.836000002,19,13,1,4
904,3,1,58470.39270341156,27724,1.7175017999999996E7,6,18,5,5
905,3,3,58470.46321047603,12632,154496.00842105207,13,22,4,3
906,2,6,58470.49913189668,4447,186774.00000000012,15,17,14,10
907,1,2,58470.66100530586,4986,1005177.5999999986,5,21,1,14
908,6,7,58470.55709931813,16709,7193224.4999999935,11,20,6,5
909,6,7,58470.58030720823,9043,3893011.4999999967,6,18,10,12
910,3,3,58470.69794865604,12827,156880.96105263103,6,21,7,13
911,6,7,58470.31801904339,23572,1.014774599999999E7,13,14,15,2
912,2,6,58470.52749138472,1338,56196.00000000004,13,12,8,7
913,2,5,58470.59438753988,188,33952.0104,18,23,14,1
914,6,7,58470.29503843749,8774,3777206.9999999967,6,13,15,9
915,3,1,58470.53922422097,27685,1.7150857499999996E7,19,16,10,2
916,6,7,58470.72727713022,20511,8829985.499999993,7,14,5,7
917,3,4,58470.68287246515,10988,912839.0880000005,14,13,4,11
918,1,2,58470.312380362724,28080,5660927.999999993,12,25,7,8
919,1,2,58470.7328251406,29213,5889340.799999991,8,7,4,4
920,1,2,58470.40082782015,17859,3600374.399999995,10,15,11,11
921,2,5,58470.56862819404,49788,8991503.6904,7,23,8,1
922,6,7,58470.688730364134,21638,9315158.999999993,6,24,10,4
923,3,3,58470.59827063345,14149,173049.71684210465,15,21,5,4
924,1,2,58470.35011791263,14945,3012911.9999999953,13,11,6,9
925,2,6,58470.65177994427,56413,2369346.0000000014,8,12,7,4
926,1,2,58470.493320947404,38604,7782566.399999988,6,7,8,7
927,4,4,58470.62636380645,19601,1.2361438584847004E9,10,19,5,10
928,3,1,58470.46876894043,50390,3.1216604999999996E7,6,18,10,7
929,4,4,58470.30236980954,6662,4.2014133897378063E8,4,22,8,11
930,3,3,58470.494042289385,31248,382179.4863157881,17,8,14,2
931,3,3,58470.47092386918,35022,428337.4926315774,12,25,13,11
932,1,2,58470.26706052625,10931,2203689.599999997,12,13,7,4
933,2,6,58470.476725615335,36649,1539258.000000001,13,24,13,1
934,1,2,58470.73427003099,27580,5560127.999999993,10,8,3,3
935,3,4,58470.459145393805,16494,1370255.5440000007,10,17,3,4
936,3,3,58470.36054780209,2655,32472.04736842094,8,20,10,11
937,6,7,58470.27184469652,7042,3031580.999999997,17,10,11,1
938,2,5,58470.25571990017,6453,1165384.6974,5,22,11,15
939,4,4,58470.317103893314,48969,3.08824695710103E9,6,23,2,3
940,4,4,58470.351698191305,7749,4.886933707156749E8,5,14,6,8
941,3,3,58470.40045254246,1610,19691.147368420985,14,20,13,2
942,2,5,58470.72410941836,13756,2484275.8248,10,22,7,6
943,3,1,58470.34401261244,31195,1.9325302499999993E7,4,13,9,9
944,3,1,58470.629253397696,56757,3.516096149999999E7,16,20,7,1
945,3,1,58470.43258242696,11584,7176287.999999999,19,25,15,2
946,4,4,58470.56314305354,9690,6.11103208444301E8,16,20,2,9
947,3,1,58470.53208985544,9813,6079153.499999999,13,17,3,6
948,3,1,58470.69169424223,5515,3416542.4999999995,15,23,14,6
949,3,3,58470.6439712158,743,9087.281052631546,9,22,12,12
950,6,7,58470.57394435603,51578,2.2204328999999978E7,18,18,1,11
951,2,6,58470.33474837141,29607,1243494.0000000007,8,17,11,5
952,2,6,58470.30823253203,7322,307524.0000000002,12,22,6,14
953,3,3,58470.43334220224,2510,30698.621052631468,19,13,11,1
954,6,7,58470.49712122776,5673,2442226.4999999977,4,15,13,14
955,3,3,58470.34242526028,27073,331117.0389473672,19,13,12,9
956,2,5,58470.3485865389,16616,3000779.8128000004,6,16,7,11
957,4,4,58470.54824132605,27475,1.73272039752396E9,19,15,2,2
958,4,4,58470.43729785102,2948,1.8591664174342617E8,17,7,3,13
959,1,2,58470.64010612231,2386,481017.59999999934,15,25,6,2
960,6,7,58470.512793745926,3887,1673353.4999999986,14,20,9,12
961,2,6,58470.410615441266,22058,926436.0000000006,15,10,7,2
962,4,4,58470.74223866788,28204,1.778695035187107E9,15,21,11,13
963,2,5,58470.74325619768,1598,288592.0884,14,19,10,10
964,3,4,58470.47629489549,21292,1768854.192000001,16,18,7,13
965,4,4,58470.59726339307,13304,8.390213710157876E8,13,17,3,6
966,3,1,58470.3989167018,10902,6753788.999999998,9,25,7,2
967,3,3,58470.640287530936,37513,458803.7336842089,7,11,5,14
968,3,1,58470.65129803867,2696,1670171.9999999998,13,24,9,4
969,3,3,58470.366312844344,18956,231841.85684210443,12,24,1,10
970,3,4,58470.576998835386,46224,3840105.024000002,7,10,7,13
971,3,4,58470.6364133096,21077,1750992.852000001,13,13,13,7
972,3,1,58470.41270089281,15044,9319757.999999998,7,11,10,14
973,1,2,58470.504505231474,12724,2565158.399999996,6,25,8,15
974,3,4,58470.494677620896,6362,528529.5120000003,7,14,7,2
975,1,2,58470.43768621942,9130,1840607.9999999972,17,22,14,4
976,6,7,58470.3086232718,22797,9814108.49999999,8,20,10,5
977,3,3,58470.52773097025,27469,335960.32736841985,15,25,6,10
978,2,5,58470.6136327656,19878,3589883.3124000006,13,12,13,15
979,3,3,58470.65071500213,3477,42525.53999999985,8,11,5,9
980,3,1,58470.35360047757,15812,9795533.999999998,5,23,9,1
981,4,4,58470.7499959515,31722,2.0005589244860806E9,19,23,6,7
982,2,5,58470.64492187126,15704,2836076.4432,6,22,8,8
983,2,5,58470.38205153822,40740,7357472.892,8,19,7,6
984,4,4,58470.25654555594,23991,1.513000730009002E9,16,13,6,4
985,3,1,58470.55999797157,38951,2.4130144499999996E7,18,17,6,12
986,3,4,58470.37566576818,27384,2274953.1840000013,12,20,6,15
987,3,1,58470.522023064485,9977,6180751.499999998,10,14,12,9
988,2,5,58470.51661791623,13463,2431361.2554,18,9,8,8
989,2,6,58470.382617464355,26980,1133160.0000000007,16,23,8,14
990,2,5,58470.38847520396,25038,4521757.640400001,15,7,3,14
991,3,4,58470.490609832916,7507,623651.5320000004,7,8,5,13
992,3,4,58470.48384644793,23608,1961258.208000001,15,24,6,9
993,2,6,58470.45205811501,5949,249858.00000000015,11,19,10,3
994,2,5,58470.46691738667,11190,2020867.0020000003,9,17,1,15
995,3,1,58470.66917939396,8992,5570543.999999999,10,17,5,4
996,2,5,58470.708356214425,11638,2101773.9204,6,18,6,2
997,2,5,58470.43050145402,19408,3505003.2864000006,10,22,4,12
998,1,2,58470.46502814685,10023,2020636.7999999973,6,14,6,1
999,2,6,58470.29168027008,2666,111972.00000000007,15,13,12,15
1000,6,7,58470.55121802114,8429,3628684.499999997,11,16,14,13
